vendor_id,pickup_datetime,dropoff_datetime,passenger_count,trip_distance,rate_code,store_and_fwd_flag,payment_type,fare_amount,extra,mta_tax,tip_amount,tolls_amount,imp_surcharge,airport_fee,total_amount,pickup_location_id,dropoff_location_id,data_file_year,data_file_month
2,1/2/2020 11:26:36,1/2/2020 11:26:38,1,0,1.0,N,1,0,0,0,0,0,0,,0,264,264,2020,1
1,1/10/2020 14:39:22,1/10/2020 15:05:22,2,2.4,1.0,N,3,0,0,0,0,0,0,,0,75,142,2020,1
2,1/25/2020 16:01:46,1/25/2020 16:13:24,1,1.12,1.0,N,2,0,0,0,0,0,0,,0,142,230,2020,1
2,1/17/2020 1:21:22,1/17/2020 1:21:58,1,0,1.0,N,2,0,0,0,0,0,0,,0,193,193,2020,1
2,1/21/2020 22:02:17,1/21/2020 22:02:23,1,0,1.0,N,1,0,0,0,0,0,0,,0,264,264,2020,1
2,1/22/2020 3:39:15,1/22/2020 3:39:58,1,0,1.0,N,1,0,0,0,0,0,0,,0,107,264,2020,1
2,1/12/2020 1:31:58,1/12/2020 1:45:35,2,1.8,1.0,N,2,0,0,0,0,0,0,,0,79,232,2020,1
2,1/23/2020 22:02:23,1/23/2020 22:02:41,1,0,2.0,N,2,0,0,0,0,0,0,,0,68,68,2020,1
1,1/15/2020 9:38:08,1/15/2020 9:38:08,1,0,5.0,N,2,0,0,0,0,0,0,,0,263,264,2020,1
2,1/16/2020 23:30:04,1/16/2020 23:30:04,1,0,1.0,N,2,0,0,0,0,0,0,,0,264,264,2020,1
2,1/27/2020 11:28:48,1/27/2020 11:29:00,1,0,1.0,N,2,0,0,0,0,0,0,,0,229,141,2020,1
1,1/13/2020 18:30:12,1/13/2020 18:30:18,1,6.6,1.0,N,3,0,0,0,0,0,0,,0,138,138,2020,1
2,1/22/2020 11:46:47,1/22/2020 11:47:25,1,0.03,1.0,N,2,0,0,0,0,0,0,,0,100,100,2020,1
1,1/13/2020 17:28:05,1/13/2020 17:32:59,2,0.6,1.0,N,3,0,0,0,0,0,0,,0,107,107,2020,1
2,1/27/2020 9:45:37,1/27/2020 9:45:43,1,0,2.0,N,2,0,0,0,0,0,0,,0,141,141,2020,1
1,1/21/2020 7:14:57,1/21/2020 7:15:07,1,0,1.0,N,3,0,0,0,0,0,0,,0,188,188,2020,1
2,1/30/2020 11:32:29,1/30/2020 11:51:42,1,1.86,1.0,N,2,0,0,0,0,0,0,,0,236,237,2020,1
2,1/15/2020 19:57:51,1/15/2020 19:58:36,1,0,1.0,N,1,0,0,0,0,0,0,,0,193,264,2020,1
2,1/4/2020 12:00:04,1/4/2020 12:00:53,1,0,1.0,N,1,0,0,0,0,0,0,,0,193,193,2020,1
1,1/8/2020 16:48:30,1/8/2020 16:48:40,1,0,2.0,Y,2,0,0,0,0,0,0,,0,132,132,2020,1
2,1/9/2020 1:39:55,1/9/2020 1:39:55,1,0,1.0,N,2,0,0,0,0,0,0,,0,264,264,2020,1
2,1/31/2020 9:58:18,1/31/2020 10:01:17,1,0.41,1.0,N,2,0,0,0,0,0,0,,0,186,186,2020,1
2,1/15/2020 15:54:46,1/15/2020 15:55:59,1,0,1.0,N,1,0,0,0,0,0,0,,0,193,193,2020,1
1,1/17/2020 15:54:30,1/17/2020 15:54:39,1,0,1.0,Y,4,0,0,0,0,0,0,,0,79,79,2020,1
2,1/30/2020 0:55:00,1/30/2020 0:55:08,1,0,1.0,N,1,0,0,0,0,0,0,,0,7,264,2020,1
2,1/10/2020 21:08:36,1/10/2020 21:10:01,1,0,1.0,N,1,0,0,0,0,0,0,,0,193,193,2020,1
1,1/23/2020 7:16:07,1/23/2020 7:16:07,1,0,5.0,Y,2,0,0,0,0,0,0,,0,264,264,2020,1
1,1/13/2020 14:52:24,1/13/2020 15:01:00,2,0.9,1.0,N,3,0,0,0,0,0,0,,0,163,230,2020,1
2,1/13/2020 15:00:46,1/13/2020 15:01:04,1,0,1.0,N,1,0,0,0,0,0,0,,0,193,193,2020,1
2,1/25/2020 23:33:47,1/25/2020 23:33:58,2,0,2.0,N,2,0,0,0,0,0,0,,0,226,226,2020,1
2,1/26/2020 10:15:26,1/26/2020 10:15:30,1,0.01,2.0,N,2,0,0,0,0,0,0,,0,170,264,2020,1
2,1/28/2020 5:02:23,1/28/2020 5:31:26,1,19.01,2.0,N,2,0,0,0,0,0,0,,0,262,132,2020,1
1,1/7/2020 21:22:43,1/7/2020 21:22:43,1,0,5.0,Y,2,0,0,0,0,0,0,,0,24,264,2020,1
2,1/12/2020 1:16:08,1/12/2020 1:31:51,1,3.15,1.0,N,2,0,0,0,0,0,0,,0,114,229,2020,1
2,1/23/2020 0:00:37,1/23/2020 0:06:38,1,1.29,1.0,N,2,0,0,0,0,0,0,,0,162,232,2020,1
2,1/27/2020 5:15:51,1/27/2020 5:15:56,1,0,1.0,N,2,0,0,0,0,0,0,,0,193,264,2020,1
2,1/20/2020 14:43:50,1/20/2020 14:43:56,1,0.03,2.0,N,2,0,0,0,0,0,0,,0,237,237,2020,1
2,1/21/2020 20:58:08,1/21/2020 21:23:06,1,11.05,1.0,N,2,0,0,0,0,0,0,,0,162,257,2020,1
2,1/22/2020 10:59:02,1/22/2020 10:59:11,1,0,1.0,N,1,0,0,0,0,0,0,,0,193,264,2020,1
2,1/13/2020 20:03:08,1/13/2020 20:03:32,1,0,1.0,N,1,0,0,0,0,0,0,,0,193,193,2020,1
2,1/1/2020 4:18:28,1/1/2020 4:18:32,1,0,1.0,N,2,0,0,0,0,0,0,,0,260,264,2020,1
2,1/26/2020 18:23:05,1/26/2020 18:23:47,1,0,1.0,N,1,0,0,0,0,0,0,,0,193,264,2020,1
1,1/8/2020 11:41:15,1/8/2020 11:41:15,1,0,1.0,N,2,0,0,0,0,0,0,,0,132,264,2020,1
2,1/15/2020 13:41:23,1/15/2020 14:18:08,1,15.32,3.0,N,2,0,0,0,0,0,0,,0,87,1,2020,1
2,1/27/2020 13:13:01,1/27/2020 13:13:10,1,0,1.0,N,2,0,0,0,0,0,0,,0,234,234,2020,1
2,1/28/2020 19:53:49,1/28/2020 19:54:33,1,0,1.0,N,1,0,0,0,0,0,0,,0,193,193,2020,1
1,1/21/2020 17:46:46,1/21/2020 17:52:29,1,0,1.0,N,5,0,0,0,0,0,0,,0,145,145,2020,1
2,1/21/2020 22:54:02,1/21/2020 22:54:06,1,0,1.0,N,1,0,0,0,0,0,0,,0,7,264,2020,1
2,1/13/2020 13:28:51,1/13/2020 13:29:47,1,0,1.0,N,2,0,0,0,0,0,0,,0,207,207,2020,1
2,1/3/2020 20:10:11,1/3/2020 20:10:41,1,0,1.0,N,1,0,0,0,0,0,0,,0,7,7,2020,1
2,1/26/2020 14:38:38,1/26/2020 15:34:17,1,0,1.0,N,1,0,0,0,0,0,0,,0,234,193,2020,1
2,1/9/2020 16:11:00,1/9/2020 16:26:26,1,1.2,1.0,N,2,0,0,0,0,0,0,,0,140,162,2020,1
2,1/7/2020 18:33:13,1/7/2020 18:57:40,2,6.18,1.0,N,2,0,0,0,0,0,0,,0,143,116,2020,1
2,1/12/2020 13:06:05,1/12/2020 13:06:13,2,0,2.0,N,2,0,0,0,0,0,0,,0,246,246,2020,1
1,1/13/2020 17:55:51,1/13/2020 18:00:41,1,0,1.0,N,3,0,0,0,0,0,0,,0,45,45,2020,1
2,1/23/2020 21:37:18,1/23/2020 21:42:16,2,0.52,1.0,N,2,0,0,0,0,0,0,,0,230,163,2020,1
2,1/24/2020 15:47:16,1/24/2020 15:47:27,2,0.01,2.0,N,2,0,0,0,0,0,0,,0,263,263,2020,1
2,1/31/2020 23:33:40,1/31/2020 23:40:45,2,0.75,1.0,N,2,0,0,0,0,0,0,,0,249,211,2020,1
1,1/14/2020 22:22:01,1/14/2020 22:22:27,1,0,1.0,N,3,0,0,0,0,0,0,,0,35,35,2020,1
2,1/8/2020 3:11:48,1/8/2020 3:12:54,1,0,1.0,N,1,0,0,0,0,0,0,,0,193,193,2020,1
2,1/13/2020 15:23:18,1/13/2020 15:23:18,1,0,1.0,N,1,0,0,0,0,0,0,,0,193,264,2020,1
1,1/20/2020 9:32:24,1/20/2020 9:32:24,1,0,5.0,Y,2,0,0,0,0,0,0,,0,132,264,2020,1
2,1/29/2020 19:29:36,1/29/2020 19:44:41,1,2.23,1.0,N,2,0,0,0,0,0,0,,0,230,107,2020,1
2,1/30/2020 20:38:55,1/30/2020 20:56:22,1,2.53,1.0,N,2,0,0,0,0,0,0,,0,79,158,2020,1
2,1/26/2020 12:34:39,1/26/2020 12:34:44,2,0.01,2.0,N,2,0,0,0,0,0,0,,0,186,186,2020,1
2,1/22/2020 4:15:06,1/22/2020 4:30:07,6,1.65,1.0,N,2,0,0,0,0,0,0,,0,234,233,2020,1
2,1/4/2020 5:13:04,1/4/2020 5:14:59,1,0.23,1.0,N,2,0,0,0,0,0,0,,0,162,162,2020,1
1,1/31/2020 13:06:02,1/31/2020 13:06:05,1,0,1.0,N,4,0,0,0,0,0,0,,0,237,237,2020,1
1,1/16/2020 17:00:06,1/16/2020 17:02:36,1,0,1.0,N,3,0,0,0,0,0,0,,0,33,33,2020,1
2,1/17/2020 17:57:08,1/17/2020 18:07:54,1,1.24,1.0,N,2,0,0,0,0,0,0,,0,161,142,2020,1
2,1/12/2020 20:36:32,1/12/2020 20:37:35,1,0,1.0,N,1,0,0,0,0,0,0,,0,193,193,2020,1
2,1/15/2020 22:55:22,1/15/2020 22:57:13,1,0,1.0,N,2,0,0,0,0,0,0,,0,193,193,2020,1
2,1/25/2020 12:29:15,1/25/2020 12:29:33,1,0,2.0,N,2,0,0,0,0,0,0,,0,113,113,2020,1
2,1/19/2020 20:47:29,1/19/2020 20:55:07,1,0.96,1.0,N,1,0,0,0,0,0,0,,0,186,137,2020,1
1,1/15/2020 9:16:29,1/15/2020 9:27:21,1,0.9,1.0,N,3,0,0,0,0,0,0,,0,74,75,2020,1
1,1/16/2020 15:53:04,1/16/2020 15:53:44,1,0.1,1.0,N,3,0,0,0,0,0,0,,0,87,87,2020,1
1,1/9/2020 10:42:52,1/9/2020 10:43:03,1,0,1.0,N,1,0,0,0,0,0,0,,0,145,145,2020,1
1,1/24/2020 12:17:17,1/24/2020 12:17:56,1,0,1.0,N,3,0,0,0,0,0,0,,0,137,137,2020,1
1,1/24/2020 12:54:37,1/24/2020 12:54:37,1,0,1.0,N,4,0,0,0,0,0,0,,0,48,264,2020,1
1,1/27/2020 9:55:23,1/27/2020 9:55:23,1,0,1.0,N,4,0,0,0,0,0,0,,0,186,264,2020,1
2,1/13/2020 1:31:45,1/13/2020 1:33:06,1,0,1.0,N,2,0,0,0,0,0,0,,0,193,193,2020,1
1,1/21/2020 7:51:43,1/21/2020 7:54:22,1,0,1.0,N,3,0,0,0,0,0,0,,0,75,75,2020,1
2,1/10/2020 3:05:59,1/10/2020 3:05:59,1,0,1.0,N,1,0,0,0,0,0,0,,0,264,264,2020,1
2,1/14/2020 18:45:06,1/14/2020 18:57:28,1,2.12,1.0,N,2,0,0,0,0,0,0,,0,229,107,2020,1
2,1/17/2020 11:09:09,1/17/2020 11:09:25,1,0,1.0,N,1,0,0,0,0,0,0,,0,7,7,2020,1
2,1/30/2020 6:16:10,1/30/2020 6:16:17,1,0,1.0,N,2,0,0,0,0,0,0,,0,264,264,2020,1
2,1/31/2020 13:33:08,1/31/2020 13:33:55,1,0.17,1.0,N,2,0,0,0,0,0,0,,0,230,161,2020,1
1,1/10/2020 17:13:50,1/10/2020 17:14:39,1,0,1.0,N,3,0,0,0,0,0,0,,0,41,41,2020,1
1,1/29/2020 10:24:53,1/29/2020 10:26:10,1,0,1.0,N,2,0,0,0,0,0,0,,0,145,145,2020,1
2,1/8/2020 11:12:48,1/8/2020 11:12:53,2,0,2.0,N,2,0,0,0,0,0,0,,0,164,164,2020,1
1,1/22/2020 16:04:37,1/22/2020 16:08:19,1,0,1.0,N,3,0,0,0,0,0,0,,0,249,249,2020,1
2,1/15/2020 22:36:14,1/15/2020 22:37:19,1,0,1.0,N,1,0,0,0,0,0,0,,0,7,193,2020,1
2,1/5/2020 8:13:44,1/5/2020 8:24:12,3,4.67,1.0,N,2,0,0,0,0,0,0,,0,264,264,2020,1
2,1/27/2020 12:58:09,1/27/2020 13:12:13,1,1.11,1.0,N,2,0,0,0,0,0,0,,0,233,48,2020,1
2,1/7/2020 22:57:54,1/7/2020 23:28:33,1,6.17,1.0,N,2,0,0,0,0,0,0,,0,151,237,2020,1
2,1/2/2020 11:44:54,1/2/2020 11:46:31,1,0,1.0,N,1,0,0,0,0,0,0,,0,193,193,2020,1
1,1/19/2020 11:07:09,1/19/2020 11:07:09,1,0,5.0,Y,2,0,0,0,0,0,0,,0,164,264,2020,1
2,1/20/2020 9:14:31,1/20/2020 9:25:09,2,2.31,1.0,N,2,0,0,0,0,0,0,,0,162,107,2020,1
1,1/14/2020 18:48:17,1/14/2020 18:53:20,1,0,1.0,N,3,0,0,0,0,0,0,,0,48,48,2020,1
2,1/25/2020 3:45:10,1/25/2020 3:59:30,1,4.56,1.0,N,2,0,0,0,0,0,0,,0,50,13,2020,1
1,1/3/2020 8:55:56,1/3/2020 8:56:08,1,0,1.0,N,3,0,0,0,0,0,0,,0,131,131,2020,1
1,1/3/2020 12:23:35,1/3/2020 12:26:22,1,0,2.0,Y,4,0,0,0,0,0,0,,0,68,68,2020,1
2,1/30/2020 12:11:23,1/30/2020 12:13:25,1,0,1.0,N,1,0,0,0,0,0,0,,0,193,193,2020,1
2,1/9/2020 18:58:58,1/9/2020 18:59:33,1,0,1.0,N,1,0,0,0,0,0,0,,0,7,7,2020,1
2,1/3/2020 19:16:09,1/3/2020 19:16:22,2,0.02,2.0,N,2,0,0,0,0,0,0,,0,48,48,2020,1
2,1/8/2020 23:16:37,1/8/2020 23:16:44,1,0,1.0,N,2,0,0,0,0,0,0,,0,264,264,2020,1
2,1/10/2020 7:12:49,1/10/2020 7:13:31,1,0,1.0,N,1,0,0,0,0,0,0,,0,264,264,2020,1
2,1/10/2020 18:30:33,1/10/2020 18:31:49,1,0,1.0,N,1,0,0,0,0,0,0,,0,193,193,2020,1
2,1/15/2020 9:14:17,1/15/2020 9:15:53,1,0,1.0,N,2,0,0,0,0,0,0,,0,207,207,2020,1
2,1/28/2020 13:36:30,1/28/2020 13:37:02,1,0,1.0,N,1,0,0,0,0,0,0,,0,193,193,2020,1
2,1/20/2020 17:50:45,1/20/2020 17:51:39,1,0,1.0,N,1,0,0,0,0,0,0,,0,193,193,2020,1
2,1/11/2020 21:17:21,1/11/2020 21:26:19,4,1.5,1.0,N,2,0,0,0,0,0,0,,0,239,50,2020,1
2,1/24/2020 22:19:59,1/24/2020 22:20:29,1,0,1.0,N,1,0,0,0,0,0,0,,0,193,193,2020,1
1,1/26/2020 0:25:35,1/26/2020 0:26:19,0,1.2,1.0,N,3,0,0,0,0,0,0,,0,158,158,2020,1
2,1/18/2020 20:45:07,1/18/2020 20:46:10,1,0,1.0,N,1,0,0,0,0,0,0,,0,193,193,2020,1
2,1/22/2020 12:40:01,1/22/2020 12:40:09,1,0,1.0,N,1,0,0,0,0,0,0,,0,264,264,2020,1
1,1/31/2020 12:43:39,1/31/2020 12:59:41,1,2.1,1.0,N,2,0,0,0,0,0,0,,0,249,48,2020,1
2,1/23/2020 12:04:35,1/23/2020 12:24:00,1,4.08,1.0,N,2,0,0,0,0,0,0,,0,50,144,2020,1
2,1/6/2020 12:01:08,1/6/2020 12:07:32,1,0,1.0,N,2,0,0,0,0,0,0,,0,193,193,2020,1
1,1/15/2020 13:03:32,1/15/2020 13:03:32,1,0,5.0,Y,2,0,0,0,0,0,0,,0,170,264,2020,1
2,1/21/2020 20:15:26,1/22/2020 18:16:13,1,0,1.0,N,1,0,0,0,0,0,0,,0,193,193,2020,1
2,1/12/2020 15:06:42,1/12/2020 16:28:08,1,3.09,1.0,N,2,0,0,0,0,0,0,,0,231,209,2020,1
2,1/1/2020 21:09:11,1/1/2020 21:09:18,2,0,2.0,N,2,0,0,0,0,0,0,,0,100,100,2020,1
2,1/30/2020 4:43:16,1/30/2020 4:44:25,1,0,5.0,N,2,0,0,0,0,0,0,,0,230,230,2020,1
2,1/1/2020 1:19:13,1/1/2020 1:43:17,1,3.19,1.0,N,2,0,0,0,0,0,0,,0,48,263,2020,1
2,1/23/2020 19:47:20,1/23/2020 19:53:57,1,1.44,1.0,N,2,0,0,0,0,0,0,,0,158,231,2020,1
1,1/16/2020 19:00:04,1/16/2020 19:09:43,1,0,1.0,N,3,0,0,0,0,0,0,,0,197,216,2020,1
2,1/4/2020 10:57:11,1/4/2020 10:57:48,1,0,1.0,N,1,0,0,0,0,0,0,,0,264,264,2020,1
2,1/28/2020 13:16:42,1/28/2020 13:16:56,1,0,1.0,N,2,0,0,0,0,0,0,,0,193,193,2020,1
2,1/30/2020 17:36:27,1/30/2020 17:36:40,1,0.03,1.0,N,2,0,0,0,0,0,0,,0,138,138,2020,1
1,1/11/2020 4:12:52,1/11/2020 4:12:52,1,0,5.0,N,2,0,0,0,0,0,0,,0,42,264,2020,1
1,1/12/2020 19:23:16,1/12/2020 19:27:13,1,0.6,1.0,N,3,0,0,0,0,0,0,,0,170,230,2020,1
1,1/24/2020 1:17:32,1/24/2020 1:17:32,1,0,5.0,Y,2,0,0,0,0,0,0,,0,25,264,2020,1
1,1/16/2020 12:23:10,1/16/2020 12:42:39,1,2.3,1.0,Y,4,0,0,0,0,0,0,,0,100,162,2020,1
1,1/4/2020 19:42:25,1/4/2020 19:42:25,1,0,5.0,Y,2,0,0,0,0,0,0,,0,161,264,2020,1
1,1/27/2020 22:08:08,1/27/2020 22:08:30,1,0,1.0,N,3,0,0,0,0,0,0,,0,231,231,2020,1
2,1/20/2020 0:54:26,1/20/2020 0:54:42,1,0,1.0,N,2,0,0,0,0,0,0,,0,264,264,2020,1
1,1/8/2020 17:19:14,1/8/2020 17:52:56,1,8.6,1.0,N,3,0,0,0,0,0,0,,0,138,234,2020,1
2,1/21/2020 19:14:12,1/21/2020 19:17:48,3,0.6,1.0,N,2,0,0,0,0,0,0,,0,48,48,2020,1
2,1/9/2020 13:32:42,1/9/2020 13:37:01,1,0.29,1.0,N,2,0,0,0,0,0,0,,0,162,233,2020,1
2,1/25/2020 2:26:07,1/25/2020 2:26:58,1,0,1.0,N,1,0,0,0,0,0,0,,0,193,193,2020,1
2,1/17/2020 20:32:00,1/17/2020 20:57:12,2,6.43,1.0,N,2,0,0,0,0,0,0,,0,231,112,2020,1
2,1/19/2020 3:27:05,1/19/2020 3:36:02,2,0.7,1.0,N,2,0,0,0,0,0,0,,0,148,148,2020,1
2,1/22/2020 8:44:16,1/22/2020 8:47:06,1,0,1.0,N,1,0,0,0,0,0,0,,0,193,193,2020,1
2,1/30/2020 10:00:33,1/30/2020 10:05:07,1,0.29,1.0,N,2,0,0,0,0,0,0,,0,237,43,2020,1
1,1/9/2020 14:11:24,1/9/2020 14:12:12,1,0,1.0,N,3,0,0,0,0,0,0,,0,75,75,2020,1
2,1/30/2020 20:53:47,1/30/2020 20:54:26,1,0,1.0,N,1,0,0,0,0,0,0,,0,193,193,2020,1
2,1/20/2020 15:14:55,1/20/2020 15:33:36,2,2.72,1.0,N,2,0,0,0,0,0,0,,0,166,42,2020,1
2,1/25/2020 1:09:54,1/25/2020 1:36:04,1,15.65,1.0,N,2,0,0,0,0,0,0,,0,132,85,2020,1
2,1/28/2020 22:07:35,1/28/2020 22:24:42,4,6.65,1.0,N,2,0,0,0,0,0,0,,0,25,255,2020,1
2,1/11/2020 2:46:39,1/11/2020 2:48:59,1,0.01,5.0,N,2,0,0,0,0,0,0,,0,231,231,2020,1
1,1/23/2020 21:00:08,1/23/2020 21:00:53,1,0.1,6.0,N,3,0,0,0.5,0,0,0.3,,0.8,148,148,2020,1
1,1/15/2020 21:18:27,1/15/2020 22:04:47,1,11.8,5.0,N,2,0,0,0.5,0,0,0.3,,0.8,186,39,2020,1
1,1/30/2020 19:08:17,1/30/2020 19:29:25,1,0.1,5.0,N,3,0,0,0.5,0,0,0.3,,0.8,13,13,2020,1
1,1/29/2020 12:12:47,1/29/2020 12:13:02,1,0,5.0,N,1,0.01,0,0,0.05,0,0.3,,0.36,100,100,2020,1
2,1/11/2020 10:04:53,1/11/2020 10:04:56,1,0,5.0,N,2,0.3,0,0,0,0,0.3,,0.6,132,132,2020,1
1,1/2/2020 12:08:53,1/2/2020 12:10:08,2,0,5.0,N,2,1,0,0,0,0,0.3,,1.3,145,145,2020,1
1,1/15/2020 13:21:51,1/15/2020 13:22:02,1,0,5.0,N,4,1,0,0,0,0,0.3,,1.3,132,132,2020,1
2,1/13/2020 10:29:38,1/13/2020 10:32:13,1,0,1.0,N,2,1.2,0,0.5,0,0,0.3,,2,264,264,2020,1
1,1/2/2020 21:44:53,1/2/2020 21:45:40,0,0.1,5.0,N,4,0,0,0,0,0,0.3,,0.3,237,141,2020,1
1,1/19/2020 6:41:49,1/19/2020 6:43:21,1,0.4,5.0,N,2,0,0,0,0,0,0.3,,0.3,140,141,2020,1
1,1/30/2020 2:07:41,1/30/2020 2:08:33,1,6.4,5.0,N,3,0,0,0,0,0,0.3,,0.3,48,48,2020,1
1,1/15/2020 11:10:38,1/15/2020 11:11:16,1,0,5.0,N,4,0,0,0,0,0,0.3,,0.3,236,236,2020,1
1,1/17/2020 15:52:32,1/17/2020 16:07:53,1,1,5.0,N,3,0,0,0,0,0,0.3,,0.3,40,181,2020,1
1,1/21/2020 17:13:00,1/21/2020 18:31:05,2,29.4,5.0,N,3,0,0,0,0,0,0.3,,0.3,209,265,2020,1
1,1/21/2020 14:36:32,1/21/2020 14:36:50,1,0,5.0,N,4,0,0,0,0,0,0.3,,0.3,68,68,2020,1
1,1/30/2020 14:07:20,1/30/2020 14:49:03,2,16.4,5.0,N,2,0,0,0,0,0,0.3,,0.3,132,164,2020,1
1,1/13/2020 0:50:47,1/13/2020 0:50:47,1,0,5.0,Y,2,0,0,0,0,0,0.3,,0.3,164,264,2020,1
1,1/24/2020 3:07:25,1/24/2020 3:08:36,1,0.2,5.0,N,2,0,0,0,0,0,0.3,,0.3,4,4,2020,1
1,1/25/2020 19:08:44,1/25/2020 19:09:28,1,0.1,5.0,N,3,0,0,0,0,0,0.3,,0.3,226,226,2020,1
1,1/5/2020 8:33:22,1/5/2020 8:33:22,1,0,5.0,Y,2,0,0,0,0,0,0.3,,0.3,264,264,2020,1
1,1/10/2020 18:10:56,1/10/2020 18:18:20,1,0.7,1.0,N,3,0,0,0,0,0,0.3,,0.3,162,230,2020,1
1,1/25/2020 21:27:36,1/25/2020 21:27:52,1,2.6,5.0,N,2,0,0,0,0,0,0.3,,0.3,170,170,2020,1
1,1/27/2020 0:35:30,1/27/2020 0:37:33,1,9.8,5.0,N,3,0,0,0,0,0,0.3,,0.3,107,107,2020,1
1,1/26/2020 3:31:13,1/26/2020 3:31:13,1,0,5.0,Y,2,0,0,0,0,0,0.3,,0.3,125,264,2020,1
1,1/9/2020 2:36:36,1/9/2020 2:36:42,1,0.7,5.0,N,2,0,0,0,0,0,0.3,,0.3,186,186,2020,1
1,1/13/2020 20:10:01,1/13/2020 20:11:13,1,0.6,5.0,N,4,0,0,0,0,0,0.3,,0.3,246,265,2020,1
1,1/15/2020 11:49:33,1/15/2020 11:49:38,1,0,5.0,N,3,0,0,0,0,0,0.3,,0.3,145,145,2020,1
1,1/2/2020 12:18:59,1/2/2020 12:22:24,1,2.4,5.0,N,3,0,0,0,0,0,0.3,,0.3,236,236,2020,1
1,1/24/2020 14:39:16,1/24/2020 14:40:03,1,2.2,5.0,N,3,0,0,0,0,0,0.3,,0.3,249,249,2020,1
1,1/26/2020 13:45:48,1/26/2020 13:46:10,1,0,5.0,N,3,0,0,0,0,0,0.3,,0.3,161,161,2020,1
1,1/19/2020 14:10:35,1/19/2020 14:11:51,1,0.1,5.0,N,2,0,0,0,0,0,0.3,,0.3,116,116,2020,1
1,1/13/2020 15:44:06,1/13/2020 15:44:06,1,0,5.0,N,2,0,0,0,0,0,0.3,,0.3,144,264,2020,1
1,1/24/2020 15:00:02,1/24/2020 16:13:55,2,46.3,5.0,N,4,0,0,0,0,0,0.3,,0.3,265,230,2020,1
1,1/12/2020 16:45:10,1/12/2020 16:51:09,1,1.1,5.0,N,3,0,0,0,0,0,0.3,,0.3,145,234,2020,1
1,1/19/2020 19:09:55,1/19/2020 19:10:27,1,0.3,5.0,N,3,0,0,0,0,0,0.3,,0.3,132,132,2020,1
1,1/19/2020 19:14:25,1/19/2020 19:15:02,1,0.3,5.0,N,3,0,0,0,0,0,0.3,,0.3,215,130,2020,1
1,1/18/2020 20:04:37,1/18/2020 20:50:38,1,7.7,5.0,N,3,0,0,0,0,0,0.3,,0.3,79,91,2020,1
1,1/20/2020 22:04:16,1/20/2020 22:04:49,1,0.1,5.0,N,3,0,0,0,0,0,0.3,,0.3,107,137,2020,1
1,1/14/2020 14:04:52,1/14/2020 14:05:26,1,4.8,5.0,N,3,0,0,0,0,0,0.3,,0.3,132,132,2020,1
1,1/17/2020 23:13:51,1/18/2020 0:47:39,2,80,5.0,N,2,0,0,0,0,0,0.3,,0.3,132,265,2020,1
1,1/14/2020 17:53:55,1/14/2020 17:54:12,1,0,5.0,N,3,0,0,0,0,0,0.3,,0.3,170,170,2020,1
1,1/9/2020 21:04:16,1/9/2020 21:06:07,1,0.2,5.0,N,3,0,0,0,0,0,0.3,,0.3,231,231,2020,1
1,1/1/2020 23:46:28,1/2/2020 0:06:45,0,17.3,5.0,N,3,0,0,0,0,0,0.3,,0.3,132,148,2020,1
1,1/26/2020 16:54:12,1/26/2020 16:54:57,1,0.1,5.0,N,3,0,0,0,0,0,0.3,,0.3,68,68,2020,1
1,1/30/2020 21:02:03,1/30/2020 21:02:35,1,0.1,5.0,N,4,0,0,0,0,0,0.3,,0.3,132,132,2020,1
1,1/25/2020 12:56:27,1/25/2020 12:56:54,1,0.6,5.0,N,3,0,0,0,0,0,0.3,,0.3,246,246,2020,1
1,1/18/2020 23:28:29,1/18/2020 23:32:05,2,0.7,5.0,N,4,0,0,0,0,0,0.3,,0.3,90,249,2020,1
1,1/23/2020 18:03:32,1/23/2020 18:28:07,1,10.9,5.0,N,3,0,0,0,0,0,0.3,,0.3,125,1,2020,1
1,1/7/2020 13:17:49,1/7/2020 13:18:01,1,0.7,5.0,N,2,0,0,0,0,0,0.3,,0.3,163,163,2020,1
1,1/24/2020 23:40:56,1/24/2020 23:41:30,1,3.2,5.0,N,3,0,0,0,0,0,0.3,,0.3,261,261,2020,1
1,1/29/2020 20:02:14,1/29/2020 20:02:35,1,8.1,5.0,N,3,0,0,0,0,0,0.3,,0.3,90,90,2020,1
1,1/25/2020 0:52:33,1/25/2020 0:56:15,1,9.8,1.0,N,4,0,0,0,0,0,0.3,,0.3,86,86,2020,1
1,1/18/2020 3:09:47,1/18/2020 3:14:27,1,0.9,5.0,N,3,0,0,0,0,0,0.3,,0.3,234,90,2020,1
1,1/1/2020 10:53:36,1/1/2020 10:54:35,1,0.6,5.0,N,3,0,0,0,0,0,0.3,,0.3,145,145,2020,1
1,1/17/2020 22:36:39,1/17/2020 22:39:13,1,0.2,5.0,N,3,0,0,0,0,0,0.3,,0.3,114,114,2020,1
1,1/31/2020 1:53:51,1/31/2020 2:19:01,1,7.7,5.0,N,2,0,0,0,0,0,0.3,,0.3,211,129,2020,1
1,1/11/2020 22:47:24,1/11/2020 22:47:34,1,0,5.0,N,4,0,0,0,0,0,0.3,,0.3,125,158,2020,1
1,1/1/2020 10:43:16,1/1/2020 10:43:40,1,5.5,5.0,N,2,0,0,0,0,0,0.3,,0.3,265,265,2020,1
1,1/28/2020 16:05:29,1/28/2020 16:07:06,1,0.1,5.0,N,3,0,0,0,0,0,0.3,,0.3,132,132,2020,1
1,1/9/2020 19:35:26,1/9/2020 19:36:06,1,0,5.0,N,3,0,0,0,0,0,0.3,,0.3,142,142,2020,1
1,1/26/2020 2:15:42,1/26/2020 2:54:14,1,25.9,5.0,N,2,0,0,0,0,0,0.3,,0.3,68,265,2020,1
1,1/30/2020 9:54:03,1/30/2020 9:54:29,1,0,5.0,N,3,0,0,0,0,0,0.3,,0.3,145,145,2020,1
1,1/29/2020 21:32:42,1/29/2020 21:33:08,1,0.3,5.0,N,3,0,0,0,0,0,0.3,,0.3,226,226,2020,1
1,1/15/2020 15:44:34,1/15/2020 15:45:06,2,0,5.0,N,2,0,0,0,0,0,0.3,,0.3,236,236,2020,1
1,1/29/2020 19:36:12,1/29/2020 20:11:04,1,17.8,5.0,N,2,0,0,0,0,0,0.3,,0.3,132,237,2020,1
1,1/11/2020 4:45:06,1/11/2020 4:46:37,2,0.2,5.0,N,2,0,0,0,0,0,0.3,,0.3,265,265,2020,1
1,1/5/2020 13:30:21,1/5/2020 14:16:31,1,21.1,5.0,N,3,0,0,0,0,0,0.3,,0.3,132,246,2020,1
1,1/19/2020 22:24:54,1/19/2020 22:26:14,2,0.4,5.0,N,2,0,0,0,0,0,0.3,,0.3,33,33,2020,1
1,1/24/2020 19:27:55,1/24/2020 19:29:01,2,0,5.0,N,3,0,0,0,0,0,0.3,,0.3,48,48,2020,1
1,1/7/2020 2:00:05,1/7/2020 2:01:31,1,1,5.0,N,3,0,0,0,0,0,0.3,,0.3,93,93,2020,1
1,1/10/2020 14:40:23,1/10/2020 14:41:09,1,0.1,5.0,N,2,0,0,0,0,0,0.3,,0.3,186,186,2020,1
1,1/17/2020 22:38:26,1/17/2020 22:38:54,1,0,5.0,N,3,0,0,0,0,0,0.3,,0.3,36,36,2020,1
1,1/27/2020 18:19:18,1/27/2020 18:21:02,1,0.8,5.0,N,3,0,0,0,0,0,0.3,,0.3,145,145,2020,1
1,1/2/2020 19:25:49,1/2/2020 19:26:40,0,0.1,5.0,N,2,0,0,0,0,0,0.3,,0.3,41,41,2020,1
1,1/16/2020 14:29:35,1/16/2020 14:30:35,1,1.4,5.0,N,4,0,0,0,0,0,0.3,,0.3,263,263,2020,1
1,1/4/2020 22:11:31,1/4/2020 22:11:36,1,0,5.0,N,2,0,0,0,0,0,0.3,,0.3,132,132,2020,1
1,1/11/2020 16:21:34,1/11/2020 16:22:11,1,0.1,5.0,N,3,0,0,0,0,0,0.3,,0.3,48,48,2020,1
1,1/21/2020 21:37:53,1/21/2020 21:40:54,1,0.6,1.0,N,3,0,0,0,0,0,0.3,,0.3,43,163,2020,1
1,1/30/2020 13:56:02,1/30/2020 13:56:46,1,0.2,5.0,N,3,0,0,0,0,0,0.3,,0.3,134,134,2020,1
1,1/30/2020 13:04:21,1/30/2020 13:04:49,1,0,5.0,Y,3,0,0,0,0,0,0.3,,0.3,132,132,2020,1
1,1/22/2020 16:09:54,1/22/2020 16:25:22,2,5.7,5.0,N,2,0,0,0,0,0,0.3,,0.3,134,132,2020,1
1,1/21/2020 6:30:37,1/21/2020 7:03:48,1,18.2,5.0,N,4,0,0,0,0,0,0.3,,0.3,231,265,2020,1
1,1/3/2020 19:02:28,1/3/2020 19:03:03,1,0.3,5.0,N,3,0,0,0,0,0,0.3,,0.3,265,265,2020,1
1,1/16/2020 22:42:26,1/16/2020 22:43:34,1,0.2,5.0,N,3,0,0,0,0,0,0.3,,0.3,68,68,2020,1
1,1/13/2020 6:53:28,1/13/2020 6:53:58,1,1.1,5.0,N,3,0,0,0,0,0,0.3,,0.3,161,161,2020,1
1,1/24/2020 19:25:55,1/24/2020 19:27:18,4,0,5.0,N,3,0,0,0,0,0,0.3,,0.3,48,48,2020,1
1,1/31/2020 22:16:18,1/31/2020 22:19:55,1,0.5,5.0,N,3,0,0,0,0,0,0.3,,0.3,234,90,2020,1
2,1/11/2020 23:12:30,1/11/2020 23:12:34,1,0,5.0,N,2,1,0,0.5,0,0,0.3,,1.8,216,216,2020,1
2,1/26/2020 2:02:56,1/26/2020 2:03:13,2,0,5.0,N,2,0.56,0,0.5,0,0,0.3,,1.36,264,264,2020,1
1,1/24/2020 2:56:22,1/24/2020 3:04:39,1,4.2,5.0,Y,3,0.01,0,0,0,0,0.3,,0.31,265,265,2020,1
1,1/7/2020 21:53:05,1/7/2020 21:53:27,1,0,5.0,N,3,0.01,0,0,0,0,0.3,,0.31,243,243,2020,1
1,1/24/2020 8:17:26,1/24/2020 8:17:31,0,0,5.0,N,3,0.01,0,0,0,0,0.3,,0.31,107,107,2020,1
2,1/26/2020 10:06:07,1/26/2020 10:06:12,1,0,5.0,N,1,0.01,0,0,0,0,0.3,,0.31,193,193,2020,1
1,1/17/2020 8:33:15,1/17/2020 8:34:48,1,0.7,5.0,N,4,0.01,0,0,0,0,0.3,,0.31,216,124,2020,1
1,1/24/2020 18:35:59,1/24/2020 18:38:07,1,0,5.0,N,2,0.01,0,0,0,0,0.3,,0.31,265,265,2020,1
1,1/21/2020 21:33:22,1/21/2020 21:33:36,1,0,5.0,N,2,0.01,0,0,0,0,0.3,,0.31,237,237,2020,1
1,1/23/2020 6:51:33,1/23/2020 7:41:08,1,0,5.0,N,3,0.01,0,0,0,0,0.3,,0.31,217,132,2020,1
1,1/24/2020 18:34:12,1/24/2020 18:35:35,1,0,5.0,N,2,0.01,0,0,0,0,0.3,,0.31,265,265,2020,1
1,1/5/2020 13:36:05,1/5/2020 13:38:50,1,0.1,5.0,N,2,0.01,0,0,0,0,0.3,,0.31,163,163,2020,1
1,1/28/2020 6:57:56,1/28/2020 6:58:02,0,0,5.0,N,3,0.01,0,0,0,0,0.3,,0.31,222,222,2020,1
1,1/3/2020 13:23:49,1/3/2020 13:24:23,1,0,5.0,N,3,0.01,0,0,0,0,0.3,,0.31,231,261,2020,1
1,1/5/2020 0:03:50,1/5/2020 0:15:11,1,0.7,5.0,N,2,0.01,0,0,0,0,0.3,,0.31,79,148,2020,1
1,1/9/2020 23:15:02,1/9/2020 23:17:44,1,0.1,5.0,N,3,0.01,0,0,0,0,0.3,,0.31,68,68,2020,1
1,1/23/2020 20:31:52,1/23/2020 20:32:47,1,0.1,5.0,N,4,0.01,0,0,0,0,0.3,,0.31,186,186,2020,1
1,1/15/2020 16:28:51,1/15/2020 16:29:09,1,0,5.0,N,2,0.01,0,0,0,0,0.3,,0.31,144,144,2020,1
1,1/6/2020 17:56:31,1/6/2020 18:58:05,1,0,5.0,N,2,0.01,0,0,0,0,0.3,,0.31,148,148,2020,1
1,1/22/2020 12:53:16,1/22/2020 12:55:28,2,0,5.0,N,2,0.01,0,0,0,0,0.3,,0.31,265,265,2020,1
2,1/15/2020 16:05:11,1/15/2020 16:05:13,1,0,5.0,N,1,0.01,0,0,0,0,0.3,,0.31,193,264,2020,1
1,1/5/2020 20:40:24,1/5/2020 20:57:44,1,7.1,5.0,N,2,0.01,0,0,0,0,0.3,,0.31,264,264,2020,1
1,1/19/2020 7:21:43,1/19/2020 7:22:33,1,0,5.0,N,2,0.01,0,0,0,0,0.3,,0.31,163,163,2020,1
1,1/23/2020 15:08:34,1/23/2020 15:27:14,1,2.4,5.0,N,4,0.01,0,0,0,0,0.3,,0.31,230,140,2020,1
1,1/11/2020 15:10:35,1/11/2020 15:10:55,1,0,5.0,N,4,0.01,0,0,0,0,0.3,,0.31,132,132,2020,1
1,1/7/2020 9:55:24,1/7/2020 9:59:14,2,0,5.0,N,2,0.01,0,0,0,0,0.3,,0.31,237,237,2020,1
2,1/15/2020 16:30:59,1/15/2020 16:31:08,1,0,5.0,N,1,0.01,0,0,0,0,0.3,,0.31,193,193,2020,1
1,1/20/2020 0:01:58,1/20/2020 0:03:19,3,0,5.0,N,3,0.01,0,0,0,0,0.3,,0.31,158,249,2020,1
1,1/14/2020 15:08:26,1/14/2020 15:11:10,1,0.1,5.0,N,4,0.01,0,0,0,0,0.3,,0.31,93,134,2020,1
1,1/27/2020 11:07:51,1/27/2020 11:08:16,1,0,5.0,N,2,0.01,0,0,0,0,0.3,,0.31,237,237,2020,1
1,1/4/2020 23:09:34,1/4/2020 23:09:59,2,0,5.0,N,2,0.01,0,0,0,0,0.3,,0.31,42,42,2020,1
1,1/14/2020 18:02:20,1/14/2020 18:03:14,1,0,5.0,N,3,0.01,0,0,0,0,0.3,,0.31,75,75,2020,1
1,1/1/2020 2:36:27,1/1/2020 2:38:27,2,1.3,5.0,N,4,0.01,0,0,0,0,0.3,,0.31,262,74,2020,1
1,1/26/2020 15:03:30,1/26/2020 15:04:02,1,0,5.0,N,2,0.01,0,0,0,0,0.3,,0.31,132,132,2020,1
1,1/9/2020 20:17:09,1/9/2020 20:17:22,1,0,5.0,N,3,0.01,0,0,0,0,0.3,,0.31,1,1,2020,1
1,1/16/2020 17:31:57,1/16/2020 18:06:22,1,1.9,5.0,N,2,0.01,0,0,0,0,0.3,,0.31,113,230,2020,1
1,1/28/2020 16:21:04,1/28/2020 16:21:12,1,0,5.0,N,3,0.01,0,0,0,0,0.3,,0.31,62,62,2020,1
2,1/26/2020 10:03:19,1/26/2020 10:03:28,1,0,5.0,N,1,0.01,0,0,0,0,0.3,,0.31,193,193,2020,1
2,1/29/2020 14:33:08,1/29/2020 15:40:17,2,4.93,5.0,N,2,0.01,0,0,0,0,0.3,,0.31,123,89,2020,1
1,1/5/2020 13:36:49,1/5/2020 14:22:49,1,18.4,5.0,Y,2,0.01,0,0,0,0,0.3,,0.31,230,132,2020,1
1,1/20/2020 20:21:18,1/20/2020 20:22:53,1,0.3,5.0,N,3,0.01,0,0,0,0,0.3,,0.31,132,132,2020,1
1,1/3/2020 8:16:02,1/3/2020 8:58:44,2,19,5.0,N,3,0.01,0,0,0,0,0.3,,0.31,132,265,2020,1
1,1/3/2020 17:28:05,1/3/2020 18:02:03,1,0,5.0,N,2,0.01,0,0,0,0,0.3,,0.31,50,50,2020,1
1,1/5/2020 4:55:21,1/5/2020 4:56:42,1,0,5.0,N,3,0.01,0,0,0,0,0.3,,0.31,265,265,2020,1
1,1/29/2020 20:53:45,1/29/2020 20:54:32,1,0,5.0,Y,2,0.01,0,0,0,0,0.3,,0.31,265,265,2020,1
1,1/24/2020 16:58:46,1/24/2020 16:59:09,3,0,5.0,N,2,0.01,0,0,0,0,0.3,,0.31,132,132,2020,1
1,1/9/2020 8:13:57,1/9/2020 8:14:04,1,0,5.0,N,4,0.01,0,0,0,0,0.3,,0.31,238,238,2020,1
1,1/20/2020 21:41:21,1/20/2020 21:44:14,1,0,5.0,N,3,0.01,0,0,0,0,0.3,,0.31,265,265,2020,1
1,1/12/2020 19:40:46,1/12/2020 20:54:26,1,0,5.0,N,2,0.01,0,0,0,0,0.3,,0.31,238,238,2020,1
1,1/13/2020 14:13:29,1/13/2020 14:14:35,1,0,5.0,N,2,0.01,0,0,0,0,0.3,,0.31,138,138,2020,1
1,1/1/2020 14:27:51,1/1/2020 14:44:23,1,10.4,5.0,N,2,0.01,0,0,0,0,0.3,,0.31,138,52,2020,1
1,1/28/2020 17:38:17,1/28/2020 17:39:25,1,0,5.0,N,3,0.01,0,0,0,0,0.3,,0.31,265,265,2020,1
1,1/11/2020 19:47:03,1/11/2020 20:19:57,1,8.9,5.0,N,2,0.01,0,0,0,0,0.3,,0.31,264,168,2020,1
1,1/6/2020 14:18:27,1/6/2020 14:18:49,1,0,5.0,N,2,0.01,0,0,0,0,0.3,,0.31,193,193,2020,1
2,1/20/2020 6:38:28,1/20/2020 6:38:33,1,0,5.0,N,2,0.01,0,0,0,0,0.3,,0.31,133,264,2020,1
1,1/11/2020 3:27:32,1/11/2020 3:29:02,1,0,5.0,N,3,0.01,0,0,0,0,0.3,,0.31,197,197,2020,1
1,1/22/2020 16:07:40,1/22/2020 16:10:34,1,0.2,5.0,N,2,0.01,0,0,0,0,0.3,,0.31,230,230,2020,1
1,1/7/2020 8:14:51,1/7/2020 8:14:56,0,0,5.0,N,3,0.01,0,0,0,0,0.3,,0.31,197,197,2020,1
1,1/22/2020 22:42:25,1/22/2020 22:43:56,1,0,5.0,N,3,0.01,0,0,0,0,0.3,,0.31,50,50,2020,1
1,1/22/2020 4:11:18,1/22/2020 4:14:52,1,1.5,5.0,N,2,0.01,0,0,0,0,0.3,,0.31,141,170,2020,1
1,1/22/2020 17:01:55,1/22/2020 17:22:03,1,3.2,5.0,N,2,0.01,0,0,0,0,0.3,,0.31,7,233,2020,1
1,1/15/2020 15:16:45,1/15/2020 15:17:03,1,0,5.0,N,2,0.01,0,0,0,0,0.3,,0.31,138,138,2020,1
1,1/9/2020 8:11:45,1/9/2020 8:12:03,3,0,5.0,N,3,0.01,0,0,0,0,0.3,,0.31,140,140,2020,1
1,1/15/2020 12:51:49,1/15/2020 12:52:23,1,0,5.0,N,3,0.25,0,0,0,0,0.3,,0.55,193,193,2020,1
2,1/23/2020 20:37:00,1/23/2020 20:37:09,1,0,5.0,N,3,-0.05,0,0,0,0,-0.3,,-0.35,193,264,2020,1
2,1/26/2020 17:30:27,1/26/2020 17:30:55,1,0,5.0,N,3,-0.05,0,0,0,0,-0.3,,-0.35,193,193,2020,1
2,1/7/2020 21:43:34,1/7/2020 21:43:55,1,0,5.0,N,1,0.05,0,0,0,0,0.3,,0.35,193,193,2020,1
2,1/12/2020 16:39:31,1/12/2020 16:39:58,1,0,5.0,N,1,0.05,0,0,0,0,0.3,,0.35,193,193,2020,1
2,1/6/2020 20:21:49,1/6/2020 20:22:05,1,0,5.0,N,1,0.05,0,0,0,0,0.3,,0.35,7,7,2020,1
2,1/31/2020 17:45:59,1/31/2020 17:46:01,2,0,5.0,N,1,24.8,0,0.5,5.12,0,0.3,,30.72,79,264,2020,1
2,1/11/2020 12:02:05,1/11/2020 12:26:50,1,3.78,1.0,N,1,18.5,0,0.5,2.8,6.12,0.3,,30.72,186,145,2020,1
2,1/15/2020 14:01:28,1/15/2020 15:02:30,1,18.52,2.0,N,1,52,0,0.5,0.02,6.12,0.3,,61.44,132,48,2020,1
2,1/28/2020 14:51:57,1/28/2020 15:28:51,2,15.08,3.0,N,1,61.5,0,0,15.36,15,0.3,,92.16,164,1,2020,1
2,1/12/2020 10:00:39,1/12/2020 10:11:26,1,2.17,1.0,N,1,9.5,0,0.5,2.56,0,0.3,,15.36,113,231,2020,1
2,1/12/2020 11:28:21,1/12/2020 11:39:13,1,1.92,1.0,N,1,9.5,0,0.5,2.56,0,0.3,,15.36,125,186,2020,1
2,1/12/2020 16:23:59,1/12/2020 16:36:14,5,1.44,1.0,N,1,9.5,0,0.5,2.56,0,0.3,,15.36,43,236,2020,1
2,1/12/2020 17:24:25,1/12/2020 17:38:04,5,1.27,1.0,N,1,9.5,0,0.5,2.56,0,0.3,,15.36,234,144,2020,1
2,1/12/2020 17:50:35,1/12/2020 18:04:12,1,1.54,1.0,N,1,9.5,0,0.5,2.56,0,0.3,,15.36,230,90,2020,1
2,1/12/2020 18:21:41,1/12/2020 18:33:54,1,1.42,1.0,N,1,9.5,0,0.5,2.56,0,0.3,,15.36,186,161,2020,1
2,1/13/2020 9:42:01,1/13/2020 9:54:22,3,1.76,1.0,N,1,9.5,0,0.5,2.56,0,0.3,,15.36,231,88,2020,1
2,1/13/2020 12:49:46,1/13/2020 13:01:12,2,1.72,1.0,N,1,9.5,0,0.5,2.56,0,0.3,,15.36,230,237,2020,1
2,1/13/2020 14:37:19,1/13/2020 14:48:45,1,2.01,1.0,N,1,9.5,0,0.5,2.56,0,0.3,,15.36,230,158,2020,1
2,1/23/2020 15:02:14,1/23/2020 15:16:09,1,1.58,1.0,N,1,9.5,0,0.5,2.56,0,0.3,,15.36,162,164,2020,1
2,1/14/2020 9:30:46,1/14/2020 9:42:45,1,1.34,1.0,N,1,9.5,0,0.5,2.56,0,0.3,,15.36,246,249,2020,1
2,1/24/2020 15:51:27,1/24/2020 16:02:57,2,1.87,1.0,N,1,9.5,0,0.5,2.56,0,0.3,,15.36,237,75,2020,1
2,1/14/2020 13:56:40,1/14/2020 14:10:32,1,0.97,1.0,N,1,9.5,0,0.5,2.56,0,0.3,,15.36,186,246,2020,1
2,1/1/2020 7:48:42,1/1/2020 8:00:58,3,1.69,1.0,N,1,9.5,0,0.5,2.56,0,0.3,,15.36,233,48,2020,1
2,1/15/2020 8:24:20,1/15/2020 8:37:14,1,1.71,1.0,N,1,9.5,0,0.5,2.56,0,0.3,,15.36,230,162,2020,1
2,1/2/2020 6:25:20,1/2/2020 6:34:00,2,2.49,1.0,N,1,9.5,0,0.5,2.56,0,0.3,,15.36,239,100,2020,1
2,1/2/2020 8:12:19,1/2/2020 8:23:38,1,2.13,1.0,N,1,9.5,0,0.5,2.56,0,0.3,,15.36,79,233,2020,1
2,1/2/2020 11:10:01,1/2/2020 11:21:59,3,1.68,1.0,N,1,9.5,0,0.5,2.56,0,0.3,,15.36,75,263,2020,1
2,1/2/2020 15:22:23,1/2/2020 15:34:33,1,1.65,1.0,N,1,9.5,0,0.5,2.56,0,0.3,,15.36,90,79,2020,1
2,1/16/2020 8:05:31,1/16/2020 8:19:13,1,1.04,1.0,N,1,9.5,0,0.5,2.56,0,0.3,,15.36,186,246,2020,1
2,1/16/2020 12:30:10,1/16/2020 12:42:25,1,1.43,1.0,N,1,9.5,0,0.5,2.56,0,0.3,,15.36,234,170,2020,1
2,1/25/2020 9:14:58,1/25/2020 9:26:29,4,1.76,1.0,N,1,9.5,0,0.5,2.56,0,0.3,,15.36,163,246,2020,1
2,1/25/2020 14:52:39,1/25/2020 15:05:32,3,1.29,1.0,N,1,9.5,0,0.5,2.56,0,0.3,,15.36,48,246,2020,1
2,1/25/2020 16:09:06,1/25/2020 16:21:27,1,1.66,1.0,N,1,9.5,0,0.5,2.56,0,0.3,,15.36,43,161,2020,1
2,1/3/2020 10:14:15,1/3/2020 10:25:44,1,1.91,1.0,N,1,9.5,0,0.5,2.56,0,0.3,,15.36,142,162,2020,1
2,1/16/2020 15:05:06,1/16/2020 15:17:56,1,1.33,1.0,N,1,9.5,0,0.5,2.56,0,0.3,,15.36,161,237,2020,1
2,1/26/2020 15:45:00,1/26/2020 15:57:10,3,1.75,1.0,N,1,9.5,0,0.5,2.56,0,0.3,,15.36,246,234,2020,1
2,1/4/2020 9:21:06,1/4/2020 9:32:43,1,1.8,1.0,N,1,9.5,0,0.5,2.56,0,0.3,,15.36,113,209,2020,1
2,1/4/2020 14:10:49,1/4/2020 14:21:01,1,2.22,1.0,N,1,9.5,0,0.5,2.56,0,0.3,,15.36,79,231,2020,1
2,1/17/2020 13:09:42,1/17/2020 13:22:42,1,1.71,1.0,N,1,9.5,0,0.5,2.56,0,0.3,,15.36,142,238,2020,1
2,1/27/2020 9:19:47,1/27/2020 9:32:47,1,1.53,1.0,N,1,9.5,0,0.5,2.56,0,0.3,,15.36,162,234,2020,1
2,1/18/2020 9:14:50,1/18/2020 9:28:40,1,3.01,1.0,N,1,12,0,0.5,2.56,0,0.3,,15.36,75,42,2020,1
2,1/5/2020 11:39:41,1/5/2020 11:48:34,1,2.74,1.0,N,1,9.5,0,0.5,2.56,0,0.3,,15.36,68,231,2020,1
2,1/6/2020 8:27:04,1/6/2020 8:38:49,1,1.9,1.0,N,1,9.5,0,0.5,2.56,0,0.3,,15.36,143,141,2020,1
2,1/18/2020 12:08:08,1/18/2020 12:18:49,2,1.99,1.0,N,1,9.5,0,0.5,2.56,0,0.3,,15.36,107,148,2020,1
2,1/18/2020 14:11:20,1/18/2020 14:22:20,1,2.23,1.0,N,1,9.5,0,0.5,2.56,0,0.3,,15.36,229,263,2020,1
2,1/6/2020 12:14:57,1/6/2020 12:28:08,2,1.33,1.0,N,1,9.5,0,0.5,2.56,0,0.3,,15.36,186,161,2020,1
2,1/28/2020 9:44:39,1/28/2020 9:57:23,1,1.67,1.0,N,1,9.5,0,0.5,2.56,0,0.3,,15.36,148,231,2020,1
2,1/28/2020 15:10:14,1/28/2020 15:20:33,1,2.34,1.0,N,1,9.5,0,0.5,2.56,0,0.3,,15.36,43,142,2020,1
2,1/28/2020 15:55:07,1/28/2020 16:07:11,1,1.63,1.0,N,1,9.5,0,0.5,2.56,0,0.3,,15.36,246,230,2020,1
2,1/19/2020 9:21:19,1/19/2020 9:29:47,1,2.49,1.0,N,1,9.5,0,0.5,2.56,0,0.3,,15.36,170,231,2020,1
2,1/19/2020 13:59:47,1/19/2020 14:10:27,2,2.1,1.0,N,1,9.5,0,0.5,2.56,0,0.3,,15.36,263,229,2020,1
2,1/19/2020 17:13:11,1/19/2020 17:25:38,1,1.4,1.0,N,1,9.5,0,0.5,2.56,0,0.3,,15.36,141,48,2020,1
2,1/7/2020 14:46:00,1/7/2020 14:57:43,1,1.62,1.0,N,1,9.5,0,0.5,2.56,0,0.3,,15.36,238,236,2020,1
2,1/7/2020 15:16:34,1/7/2020 15:27:23,2,1.78,1.0,N,1,9.5,0,0.5,2.56,0,0.3,,15.36,161,107,2020,1
2,1/29/2020 8:51:07,1/29/2020 9:04:34,1,1.24,1.0,N,1,9.5,0,0.5,2.56,0,0.3,,15.36,143,163,2020,1
2,1/29/2020 12:35:06,1/29/2020 12:47:56,1,1.48,1.0,N,1,9.5,0,0.5,2.56,0,0.3,,15.36,166,238,2020,1
2,1/29/2020 12:27:09,1/29/2020 12:38:00,1,2.14,1.0,N,1,9.5,0,0.5,2.56,0,0.3,,15.36,231,234,2020,1
2,1/20/2020 8:13:05,1/20/2020 8:22:57,1,2.21,1.0,N,1,9.5,0,0.5,2.56,0,0.3,,15.36,230,107,2020,1
2,1/20/2020 10:23:56,1/20/2020 10:36:33,1,1.5,1.0,N,1,9.5,0,0.5,2.56,0,0.3,,15.36,50,161,2020,1
2,1/20/2020 12:43:35,1/20/2020 12:54:02,1,1.83,1.0,N,1,9.5,0,0.5,2.56,0,0.3,,15.36,79,234,2020,1
2,1/20/2020 17:14:50,1/20/2020 17:27:25,1,1.96,1.0,N,1,9.5,0,0.5,2.56,0,0.3,,15.36,50,233,2020,1
2,1/8/2020 9:20:27,1/8/2020 9:34:17,2,0.8,1.0,N,1,9.5,0,0.5,2.56,0,0.3,,15.36,186,170,2020,1
2,1/8/2020 10:39:08,1/8/2020 10:50:06,1,2.05,1.0,N,1,9.5,0,0.5,2.56,0,0.3,,15.36,107,246,2020,1
2,1/8/2020 13:43:54,1/8/2020 13:52:23,1,2.37,1.0,N,1,9.5,0,0.5,2.56,0,0.3,,15.36,229,145,2020,1
2,1/21/2020 13:40:14,1/21/2020 13:54:10,1,1.09,1.0,N,1,9.5,0,0.5,2.56,0,0.3,,15.36,164,161,2020,1
2,1/21/2020 15:45:55,1/21/2020 15:57:01,1,1.96,1.0,N,1,9.5,0,0.5,2.56,0,0.3,,15.36,107,161,2020,1
2,1/30/2020 6:35:12,1/30/2020 6:44:41,2,2.34,1.0,N,1,9.5,0,0.5,2.56,0,0.3,,15.36,224,162,2020,1
2,1/30/2020 6:04:12,1/30/2020 6:13:51,1,2.32,1.0,N,1,9.5,0,0.5,2.56,0,0.3,,15.36,79,87,2020,1
2,1/22/2020 9:30:20,1/22/2020 9:43:53,2,0.97,1.0,N,1,9.5,0,0.5,2.56,0,0.3,,15.36,170,161,2020,1
2,1/30/2020 13:08:48,1/30/2020 13:22:30,1,1.36,1.0,N,1,9.5,0,0.5,2.56,0,0.3,,15.36,233,100,2020,1
2,1/9/2020 15:27:10,1/9/2020 15:37:22,1,1.95,1.0,N,1,9.5,0,0.5,2.56,0,0.3,,15.36,236,74,2020,1
2,1/22/2020 14:21:48,1/22/2020 14:35:04,2,1.12,1.0,N,1,9.5,0,0.5,2.56,0,0.3,,15.36,186,170,2020,1
2,1/10/2020 7:47:56,1/10/2020 7:59:20,1,1.87,1.0,N,1,9.5,0,0.5,2.56,0,0.3,,15.36,249,107,2020,1
2,1/10/2020 7:33:14,1/10/2020 7:42:35,1,2.16,1.0,N,1,9.5,0,0.5,2.56,0,0.3,,15.36,236,162,2020,1
2,1/10/2020 10:15:56,1/10/2020 10:27:13,2,2.04,1.0,N,1,9.5,0,0.5,2.56,0,0.3,,15.36,236,239,2020,1
2,1/31/2020 7:39:20,1/31/2020 7:51:08,1,1.84,1.0,N,1,9.5,0,0.5,2.56,0,0.3,,15.36,143,164,2020,1
2,1/31/2020 15:39:45,1/31/2020 15:51:13,1,1.75,1.0,N,1,9.5,0,0.5,2.56,0,0.3,,15.36,144,170,2020,1
2,1/11/2020 11:04:19,1/11/2020 11:16:25,4,1.47,1.0,N,1,9.5,0,0.5,2.56,0,0.3,,15.36,186,163,2020,1
2,1/11/2020 13:37:33,1/11/2020 13:48:14,1,2.1,1.0,N,1,9.5,0,0.5,2.56,0,0.3,,15.36,48,246,2020,1
2,1/11/2020 18:48:14,1/11/2020 19:01:57,4,1.09,1.0,N,1,9.5,0,0.5,2.56,0,0.3,,15.36,170,107,2020,1
2,1/12/2020 12:05:57,1/12/2020 12:16:12,1,2.26,1.0,N,1,9.5,0,0.5,2.56,0,0.3,,15.36,249,230,2020,1
2,1/12/2020 14:11:36,1/12/2020 14:23:45,1,1.69,1.0,N,1,9.5,0,0.5,2.56,0,0.3,,15.36,161,186,2020,1
2,1/13/2020 14:01:50,1/13/2020 14:15:44,1,0.9,1.0,N,1,9.5,0,0.5,2.56,0,0.3,,15.36,186,246,2020,1
2,1/23/2020 12:19:24,1/23/2020 12:32:33,2,1.6,1.0,N,1,9.5,0,0.5,2.56,0,0.3,,15.36,113,231,2020,1
2,1/23/2020 14:53:04,1/23/2020 15:05:59,6,1.54,1.0,N,1,9.5,0,0.5,2.56,0,0.3,,15.36,236,239,2020,1
2,1/14/2020 8:58:45,1/14/2020 9:12:46,1,0.72,1.0,N,1,9.5,0,0.5,2.56,0,0.3,,15.36,186,234,2020,1
2,1/24/2020 7:10:02,1/24/2020 7:20:56,1,1.99,1.0,N,1,9.5,0,0.5,2.56,0,0.3,,15.36,141,161,2020,1
2,1/24/2020 8:50:19,1/24/2020 8:59:59,1,2.02,1.0,N,1,9.5,0,0.5,2.56,0,0.3,,15.36,236,74,2020,1
2,1/24/2020 9:34:25,1/24/2020 9:47:45,3,1.67,1.0,N,1,9.5,0,0.5,2.56,0,0.3,,15.36,234,144,2020,1
2,1/24/2020 9:06:31,1/24/2020 9:19:25,2,1.51,1.0,N,1,9.5,0,0.5,2.56,0,0.3,,15.36,162,107,2020,1
2,1/24/2020 13:30:15,1/24/2020 13:42:26,1,1.55,1.0,N,1,9.5,0,0.5,2.56,0,0.3,,15.36,164,107,2020,1
2,1/14/2020 13:47:25,1/14/2020 13:57:06,1,2.03,1.0,N,1,9.5,0,0.5,2.56,0,0.3,,15.36,264,230,2020,1
2,1/1/2020 14:14:47,1/1/2020 14:27:13,1,1.76,1.0,N,1,9.5,0,0.5,2.56,0,0.3,,15.36,100,161,2020,1
2,1/1/2020 15:03:36,1/1/2020 15:14:49,2,1.8,1.0,N,1,9.5,0,0.5,2.56,0,0.3,,15.36,161,239,2020,1
2,1/15/2020 15:17:31,1/15/2020 15:29:40,1,1.67,1.0,N,1,9.5,0,0.5,2.56,0,0.3,,15.36,237,239,2020,1
2,1/2/2020 9:29:19,1/2/2020 9:40:25,5,2,1.0,N,1,9.5,0,0.5,2.56,0,0.3,,15.36,236,162,2020,1
2,1/2/2020 11:41:09,1/2/2020 11:54:55,2,1.09,1.0,N,1,9.5,0,0.5,2.56,0,0.3,,15.36,162,48,2020,1
2,1/2/2020 12:40:32,1/2/2020 12:54:24,2,1.48,1.0,N,1,9.5,0,0.5,2.56,0,0.3,,15.36,161,186,2020,1
2,1/2/2020 14:50:36,1/2/2020 15:00:48,1,1.98,1.0,N,1,9.5,0,0.5,2.56,0,0.3,,15.36,50,68,2020,1
2,1/16/2020 11:21:52,1/16/2020 11:34:48,1,1.18,1.0,N,1,9.5,0,0.5,2.56,0,0.3,,15.36,162,164,2020,1
2,1/25/2020 8:51:06,1/25/2020 9:02:59,2,1.64,1.0,N,1,9.5,0,0.5,2.56,0,0.3,,15.36,48,164,2020,1
2,1/25/2020 12:21:14,1/25/2020 12:33:35,2,1.64,1.0,N,1,9.5,0,0.5,2.56,0,0.3,,15.36,246,230,2020,1
2,1/3/2020 8:59:34,1/3/2020 9:09:44,2,1.85,1.0,N,1,9.5,0,0.5,2.56,0,0.3,,15.36,143,237,2020,1
2,1/3/2020 11:34:05,1/3/2020 11:47:04,1,1.86,1.0,N,1,9.5,0,0.5,2.56,0,0.3,,15.36,239,237,2020,1
2,1/3/2020 15:08:40,1/3/2020 15:21:25,1,1.25,1.0,N,1,9.5,0,0.5,2.56,0,0.3,,15.36,164,246,2020,1
2,1/16/2020 15:13:47,1/16/2020 15:25:34,3,1.45,1.0,N,1,9.5,0,0.5,2.56,0,0.3,,15.36,236,142,2020,1
2,1/26/2020 8:50:50,1/26/2020 9:00:33,1,2.33,1.0,N,1,9.5,0,0.5,2.56,0,0.3,,15.36,137,144,2020,1
2,1/26/2020 10:59:33,1/26/2020 11:10:39,2,1.79,1.0,N,1,9.5,0,0.5,2.56,0,0.3,,15.36,246,249,2020,1
2,1/26/2020 13:58:04,1/26/2020 14:10:30,1,1.36,1.0,N,1,9.5,0,0.5,2.56,0,0.3,,15.36,79,234,2020,1
2,1/4/2020 13:54:20,1/4/2020 14:05:29,1,2.05,1.0,N,1,9.5,0,0.5,2.56,0,0.3,,15.36,141,238,2020,1
2,1/17/2020 9:15:03,1/17/2020 9:26:42,1,1.81,1.0,N,1,9.5,0,0.5,2.56,0,0.3,,15.36,100,142,2020,1
2,1/26/2020 17:15:58,1/26/2020 17:28:19,1,2.05,1.0,N,1,9.5,0,0.5,2.56,0,0.3,,15.36,142,229,2020,1
2,1/4/2020 15:46:07,1/4/2020 15:56:39,1,1.97,1.0,N,1,9.5,0,0.5,2.56,0,0.3,,15.36,239,141,2020,1
2,1/5/2020 15:10:12,1/5/2020 15:21:48,1,1.75,1.0,N,1,9.5,0,0.5,2.56,0,0.3,,15.36,90,237,2020,1
2,1/27/2020 13:37:27,1/27/2020 13:50:03,1,1.95,1.0,N,1,9.5,0,0.5,2.56,0,0.3,,15.36,233,140,2020,1
2,1/18/2020 12:29:18,1/18/2020 12:39:11,1,2.37,1.0,N,1,9.5,0,0.5,2.56,0,0.3,,15.36,263,162,2020,1
2,1/18/2020 13:25:03,1/18/2020 13:37:33,1,1.45,1.0,N,1,9.5,0,0.5,2.56,0,0.3,,15.36,90,161,2020,1
2,1/18/2020 15:43:34,1/18/2020 15:53:46,1,2.19,1.0,N,1,9.5,0,0.5,2.56,0,0.3,,15.36,107,246,2020,1
2,1/6/2020 12:12:21,1/6/2020 12:23:49,1,1.51,1.0,N,1,9.5,0,0.5,2.56,0,0.3,,15.36,236,238,2020,1
2,1/28/2020 10:01:31,1/28/2020 10:12:47,1,1.96,1.0,N,1,9.5,0,0.5,2.56,0,0.3,,15.36,43,68,2020,1
2,1/28/2020 11:21:38,1/28/2020 11:34:45,1,1.17,1.0,N,1,9.5,0,0.5,2.56,0,0.3,,15.36,229,142,2020,1
2,1/28/2020 14:10:10,1/28/2020 14:23:13,1,1.21,1.0,N,1,9.5,0,0.5,2.56,0,0.3,,15.36,161,234,2020,1
2,1/19/2020 18:40:55,1/19/2020 18:51:41,3,2.17,1.0,N,1,9.5,0,0.5,2.56,0,0.3,,15.36,186,237,2020,1
2,1/19/2020 19:33:39,1/19/2020 19:44:09,2,2.05,1.0,N,1,9.5,0,0.5,2.56,0,0.3,,15.36,261,249,2020,1
2,1/7/2020 15:38:23,1/7/2020 15:50:23,1,1.88,1.0,N,1,9.5,0,0.5,2.56,0,0.3,,15.36,164,237,2020,1
2,1/7/2020 15:08:51,1/7/2020 15:20:39,2,1.68,1.0,N,1,9.5,0,0.5,2.56,0,0.3,,15.36,170,237,2020,1
2,1/29/2020 11:03:25,1/29/2020 11:14:43,1,2.06,1.0,N,1,9.5,0,0.5,2.56,0,0.3,,15.36,137,113,2020,1
2,1/20/2020 9:12:59,1/20/2020 9:22:41,1,2.41,1.0,N,1,9.5,0,0.5,2.56,0,0.3,,15.36,263,162,2020,1
2,1/8/2020 9:54:48,1/8/2020 10:06:22,1,1.79,1.0,N,1,9.5,0,0.5,2.56,0,0.3,,15.36,239,236,2020,1
2,1/8/2020 9:22:51,1/8/2020 9:34:28,1,1.68,1.0,N,1,9.5,0,0.5,2.56,0,0.3,,15.36,262,162,2020,1
2,1/21/2020 8:35:11,1/21/2020 8:48:56,1,1.22,1.0,N,1,9.5,0,0.5,2.56,0,0.3,,15.36,233,100,2020,1
2,1/21/2020 8:48:29,1/21/2020 9:02:13,1,1.34,1.0,N,1,9.5,0,0.5,2.56,0,0.3,,15.36,236,162,2020,1
2,1/21/2020 14:21:47,1/21/2020 14:34:52,1,1.65,1.0,N,1,9.5,0,0.5,2.56,0,0.3,,15.36,237,229,2020,1
2,1/9/2020 9:02:14,1/9/2020 9:16:39,1,0.97,1.0,N,1,9.5,0,0.5,2.56,0,0.3,,15.36,237,170,2020,1
2,1/30/2020 10:32:03,1/30/2020 10:45:26,2,1.41,1.0,N,1,9.5,0,0.5,2.56,0,0.3,,15.36,233,140,2020,1
2,1/30/2020 14:21:22,1/30/2020 14:34:19,1,1.7,1.0,N,1,9.5,0,0.5,2.56,0,0.3,,15.36,114,234,2020,1
2,1/9/2020 11:21:26,1/9/2020 11:33:37,2,1.5,1.0,N,1,9.5,0,0.5,2.56,0,0.3,,15.36,48,142,2020,1
2,1/10/2020 9:41:06,1/10/2020 9:50:35,1,2.01,1.0,N,1,9.5,0,0.5,2.56,0,0.3,,15.36,50,239,2020,1
2,1/31/2020 8:11:29,1/31/2020 8:23:55,1,1.62,1.0,N,1,9.5,0,0.5,2.56,0,0.3,,15.36,170,68,2020,1
2,1/31/2020 14:59:13,1/31/2020 15:09:57,5,1.76,1.0,N,1,9.5,0,0.5,2.56,0,0.3,,15.36,166,239,2020,1
2,1/11/2020 9:51:01,1/11/2020 10:02:02,1,2.1,1.0,N,1,9.5,0,0.5,2.56,0,0.3,,15.36,229,236,2020,1
2,1/11/2020 10:26:17,1/11/2020 10:36:19,1,2,1.0,N,1,9.5,0,0.5,2.56,0,0.3,,15.36,143,68,2020,1
2,1/11/2020 17:43:26,1/11/2020 17:55:42,1,1.66,1.0,N,1,9.5,0,0.5,2.56,0,0.3,,15.36,161,142,2020,1
2,1/12/2020 6:45:10,1/12/2020 6:54:51,6,2.31,1.0,N,1,9.5,0,0.5,2.56,0,0.3,,15.36,246,249,2020,1
2,1/12/2020 10:21:16,1/12/2020 10:31:29,1,2,1.0,N,1,9.5,0,0.5,2.56,0,0.3,,15.36,143,151,2020,1
2,1/12/2020 16:05:42,1/12/2020 16:18:40,1,1.65,1.0,N,1,9.5,0,0.5,2.56,0,0.3,,15.36,211,87,2020,1
2,1/13/2020 9:41:00,1/13/2020 9:53:20,1,1.67,1.0,N,1,9.5,0,0.5,2.56,0,0.3,,15.36,79,90,2020,1
2,1/13/2020 13:07:31,1/13/2020 13:21:14,2,1.08,1.0,N,1,9.5,0,0.5,2.56,0,0.3,,15.36,161,237,2020,1
2,1/13/2020 15:04:06,1/13/2020 15:13:39,1,2.27,1.0,N,1,9.5,0,0.5,2.56,0,0.3,,15.36,262,229,2020,1
2,1/14/2020 7:51:33,1/14/2020 8:04:48,6,1.61,1.0,N,1,9.5,0,0.5,2.56,0,0.3,,15.36,238,75,2020,1
2,1/14/2020 8:08:39,1/14/2020 8:21:15,1,1.35,1.0,N,1,9.5,0,0.5,2.56,0,0.3,,15.36,230,246,2020,1
2,1/14/2020 9:53:11,1/14/2020 10:07:31,1,0.91,1.0,N,1,9.5,0,0.5,2.56,0,0.3,,15.36,161,163,2020,1
2,1/24/2020 8:16:43,1/24/2020 8:28:02,1,1.82,1.0,N,1,9.5,0,0.5,2.56,0,0.3,,15.36,75,43,2020,1
2,1/24/2020 9:43:52,1/24/2020 9:56:15,1,1.69,1.0,N,1,9.5,0,0.5,2.56,0,0.3,,15.36,162,236,2020,1
2,1/14/2020 13:46:08,1/14/2020 13:59:14,1,1.51,1.0,N,1,9.5,0,0.5,2.56,0,0.3,,15.36,163,48,2020,1
2,1/14/2020 14:10:56,1/14/2020 14:23:07,1,1.41,1.0,N,1,9.5,0,0.5,2.56,0,0.3,,15.36,262,237,2020,1
2,1/15/2020 9:22:27,1/15/2020 9:36:35,1,1.31,1.0,N,1,9.5,0,0.5,2.56,0,0.3,,15.36,141,161,2020,1
2,1/15/2020 10:47:23,1/15/2020 10:59:41,1,1.72,1.0,N,1,9.5,0,0.5,2.56,0,0.3,,15.36,170,144,2020,1
2,1/15/2020 14:33:35,1/15/2020 14:45:54,1,1.45,1.0,N,1,9.5,0,0.5,2.56,0,0.3,,15.36,68,186,2020,1
2,1/2/2020 10:40:05,1/2/2020 10:50:17,2,2.16,1.0,N,1,9.5,0,0.5,2.56,0,0.3,,15.36,236,161,2020,1
2,1/16/2020 12:29:12,1/16/2020 12:40:55,6,1.86,1.0,N,1,9.5,0,0.5,2.56,0,0.3,,15.36,142,238,2020,1
2,1/16/2020 13:15:34,1/16/2020 13:29:28,1,0.98,1.0,N,1,9.5,0,0.5,2.56,0,0.3,,15.36,231,87,2020,1
2,1/25/2020 9:20:39,1/25/2020 9:31:44,2,1.66,1.0,N,1,9.5,0,0.5,2.56,0,0.3,,15.36,249,148,2020,1
2,1/25/2020 13:14:36,1/25/2020 13:28:38,1,0.87,1.0,N,1,9.5,0,0.5,2.56,0,0.3,,15.36,231,45,2020,1
2,1/3/2020 10:04:35,1/3/2020 10:16:58,1,1.52,1.0,N,1,9.5,0,0.5,2.56,0,0.3,,15.36,68,113,2020,1
2,1/3/2020 12:58:31,1/3/2020 13:08:00,1,2.47,1.0,N,1,9.5,0,0.5,2.56,0,0.3,,15.36,238,163,2020,1
2,1/26/2020 10:00:12,1/26/2020 10:10:22,1,2.36,1.0,N,1,9.5,0,0.5,2.56,0,0.3,,15.36,113,87,2020,1
2,1/26/2020 13:30:07,1/26/2020 13:41:42,1,1.67,1.0,N,1,9.5,0,0.5,2.56,0,0.3,,15.36,236,237,2020,1
2,1/4/2020 10:53:38,1/4/2020 11:06:31,1,2.93,1.0,N,1,12,0,0.5,2.56,0,0.3,,15.36,75,166,2020,1
2,1/4/2020 12:47:48,1/4/2020 12:59:42,1,1.63,1.0,N,1,9.5,0,0.5,2.56,0,0.3,,15.36,107,158,2020,1
2,1/4/2020 12:39:49,1/4/2020 12:50:34,1,1.97,1.0,N,1,9.5,0,0.5,2.56,0,0.3,,15.36,261,148,2020,1
2,1/17/2020 10:33:32,1/17/2020 10:48:19,1,1.33,1.0,N,1,9.5,0,0.5,2.56,0,0.3,,15.36,163,237,2020,1
2,1/17/2020 12:02:49,1/17/2020 12:14:42,1,1.86,1.0,N,1,9.5,0,0.5,2.56,0,0.3,,15.36,211,234,2020,1
2,1/17/2020 13:38:32,1/17/2020 13:49:29,1,2.03,1.0,N,1,9.5,0,0.5,2.56,0,0.3,,15.36,211,90,2020,1
2,1/17/2020 13:17:17,1/17/2020 13:28:46,1,2.03,1.0,N,1,9.5,0,0.5,2.56,0,0.3,,15.36,141,137,2020,1
2,1/26/2020 16:41:00,1/26/2020 16:51:27,2,1.94,1.0,N,1,9.5,0,0.5,2.56,0,0.3,,15.36,140,142,2020,1
2,1/26/2020 18:29:06,1/26/2020 18:39:28,1,1.98,1.0,N,1,9.5,0,0.5,2.56,0,0.3,,15.36,141,75,2020,1
2,1/26/2020 19:25:02,1/26/2020 19:35:09,1,2.14,1.0,N,1,9.5,0,0.5,2.56,0,0.3,,15.36,230,236,2020,1
2,1/27/2020 8:11:31,1/27/2020 8:24:30,1,1.65,1.0,N,1,9.5,0,0.5,2.56,0,0.3,,15.36,264,264,2020,1
2,1/27/2020 10:47:36,1/27/2020 10:55:49,1,2.13,1.0,N,1,9.5,0,0.5,2.56,0,0.3,,15.36,68,13,2020,1
2,1/27/2020 10:17:32,1/27/2020 10:31:23,1,1.08,1.0,N,1,9.5,0,0.5,2.56,0,0.3,,15.36,229,137,2020,1
2,1/27/2020 11:39:35,1/27/2020 11:52:08,1,1.65,1.0,N,1,9.5,0,0.5,2.56,0,0.3,,15.36,233,234,2020,1
2,1/5/2020 11:27:40,1/5/2020 11:37:23,1,2.38,1.0,N,1,9.5,0,0.5,2.56,0,0.3,,15.36,249,230,2020,1
2,1/28/2020 7:44:28,1/28/2020 7:56:15,1,2.02,1.0,N,1,9.5,0,0.5,2.56,0,0.3,,15.36,263,43,2020,1
2,1/18/2020 14:15:01,1/18/2020 14:27:32,2,1.68,1.0,N,1,9.5,0,0.5,2.56,0,0.3,,15.36,249,107,2020,1
2,1/18/2020 15:06:27,1/18/2020 15:17:09,1,1.83,1.0,N,1,9.5,0,0.5,2.56,0,0.3,,15.36,79,45,2020,1
2,1/18/2020 16:22:28,1/18/2020 16:32:49,1,2.17,1.0,N,1,9.5,0,0.5,2.56,0,0.3,,15.36,140,170,2020,1
2,1/28/2020 11:39:43,1/28/2020 11:51:51,3,1.89,1.0,N,1,9.5,0,0.5,2.56,0,0.3,,15.36,140,161,2020,1
2,1/28/2020 14:35:41,1/28/2020 14:49:18,5,1.24,1.0,N,1,9.5,0,0.5,2.56,0,0.3,,15.36,141,237,2020,1
2,1/19/2020 13:56:06,1/19/2020 14:06:11,1,2.19,1.0,N,1,9.5,0,0.5,2.56,0,0.3,,15.36,236,151,2020,1
2,1/7/2020 9:44:48,1/7/2020 9:55:47,1,1.81,1.0,N,1,9.5,0,0.5,2.56,0,0.3,,15.36,238,263,2020,1
2,1/7/2020 14:00:47,1/7/2020 14:13:19,1,2.93,1.0,N,1,12,0,0.5,2.56,0,0.3,,15.36,138,7,2020,1
2,1/7/2020 14:43:03,1/7/2020 14:53:41,1,1.81,1.0,N,1,9.5,0,0.5,2.56,0,0.3,,15.36,230,239,2020,1
2,1/20/2020 10:21:01,1/20/2020 10:28:11,1,2.61,1.0,Y,1,9.5,0,0.5,2.56,0,0.3,,15.36,262,170,2020,1
2,1/20/2020 13:45:11,1/20/2020 13:55:50,1,1.72,1.0,N,1,9.5,0,0.5,2.56,0,0.3,,15.36,162,140,2020,1
2,1/20/2020 18:20:06,1/20/2020 18:27:50,1,2.57,1.0,N,1,9.5,0,0.5,2.56,0,0.3,,15.36,50,238,2020,1
2,1/8/2020 9:32:35,1/8/2020 9:46:35,1,1.19,1.0,N,1,9.5,0,0.5,2.56,0,0.3,,15.36,162,170,2020,1
2,1/8/2020 13:38:58,1/8/2020 13:51:29,2,1.87,1.0,N,1,9.5,0,0.5,2.56,0,0.3,,15.36,239,230,2020,1